[
    {
        "model":  "irisjs.File",
        "pk":  "1",
        "fields": { "sepal_length":  "5.1",
        "sepal_width":  "3.5",
        "petal_length":  "1.4",
        "petal_width":  "0.2",
        "species":  "setosa"
    }},
    {
        "model":  "irisjs.File",
        "pk":  "2",
        "fields": { "sepal_length":  "4.9",
        "sepal_width":  "3",
        "petal_length":  "1.4",
        "petal_width":  "0.2",
        "species":  "setosa"
    }},
    {
        "model":  "irisjs.File",
        "pk":  "3",
        "fields": { "sepal_length":  "4.7",
        "sepal_width":  "3.2",
        "petal_length":  "1.3",
        "petal_width":  "0.2",
        "species":  "setosa"
    }},
    {
        "model":  "irisjs.File",
        "pk":  "4",
        "fields": { "sepal_length":  "4.6",
        "sepal_width":  "3.1",
        "petal_length":  "1.5",
        "petal_width":  "0.2",
        "species":  "setosa"
    }},
    {
        "model":  "irisjs.File",
        "pk":  "5",
        "fields": { "sepal_length":  "5",
        "sepal_width":  "3.6",
        "petal_length":  "1.4",
        "petal_width":  "0.2",
        "species":  "setosa"
    }},
    {
        "model":  "irisjs.File",
        "pk":  "6",
        "fields": { "sepal_length":  "5.4",
        "sepal_width":  "3.9",
        "petal_length":  "1.7",
        "petal_width":  "0.4",
        "species":  "setosa"
    }},
    {
        "model":  "irisjs.File",
        "pk":  "7",
        "fields": { "sepal_length":  "4.6",
        "sepal_width":  "3.4",
        "petal_length":  "1.4",
        "petal_width":  "0.3",
        "species":  "setosa"
    }},
    {
        "model":  "irisjs.File",
        "pk":  "8",
        "fields": { "sepal_length":  "5",
        "sepal_width":  "3.4",
        "petal_length":  "1.5",
        "petal_width":  "0.2",
        "species":  "setosa"
    }},
    {
        "model":  "irisjs.File",
        "pk":  "9",
        "fields": { "sepal_length":  "4.4",
        "sepal_width":  "2.9",
        "petal_length":  "1.4",
        "petal_width":  "0.2",
        "species":  "setosa"
    }},
    {
        "model":  "irisjs.File",
        "pk":  "10",
        "fields": { "sepal_length":  "4.9",
        "sepal_width":  "3.1",
        "petal_length":  "1.5",
        "petal_width":  "0.1",
        "species":  "setosa"
    }},
    {
        "model":  "irisjs.File",
        "pk":  "11",
        "fields": { "sepal_length":  "5.4",
        "sepal_width":  "3.7",
        "petal_length":  "1.5",
        "petal_width":  "0.2",
        "species":  "setosa"
    }},
    {
        "model":  "irisjs.File",
        "pk":  "12",
        "fields": { "sepal_length":  "4.8",
        "sepal_width":  "3.4",
        "petal_length":  "1.6",
        "petal_width":  "0.2",
        "species":  "setosa"
    }},
    {
        "model":  "irisjs.File",
        "pk":  "13",
        "fields": { "sepal_length":  "4.8",
        "sepal_width":  "3",
        "petal_length":  "1.4",
        "petal_width":  "0.1",
        "species":  "setosa"
    }},
    {
        "model":  "irisjs.File",
        "pk":  "14",
        "fields": { "sepal_length":  "4.3",
        "sepal_width":  "3",
        "petal_length":  "1.1",
        "petal_width":  "0.1",
        "species":  "setosa"
    }},
    {
        "model":  "irisjs.File",
        "pk":  "15",
        "fields": { "sepal_length":  "5.8",
        "sepal_width":  "4",
        "petal_length":  "1.2",
        "petal_width":  "0.2",
        "species":  "setosa"
    }},
    {
        "model":  "irisjs.File",
        "pk":  "16",
        "fields": { "sepal_length":  "5.7",
        "sepal_width":  "4.4",
        "petal_length":  "1.5",
        "petal_width":  "0.4",
        "species":  "setosa"
    }},
    {
        "model":  "irisjs.File",
        "pk":  "17",
        "fields": { "sepal_length":  "5.4",
        "sepal_width":  "3.9",
        "petal_length":  "1.3",
        "petal_width":  "0.4",
        "species":  "setosa"
    }},
    {
        "model":  "irisjs.File",
        "pk":  "18",
        "fields": { "sepal_length":  "5.1",
        "sepal_width":  "3.5",
        "petal_length":  "1.4",
        "petal_width":  "0.3",
        "species":  "setosa"
    }},
    {
        "model":  "irisjs.File",
        "pk":  "19",
        "fields": { "sepal_length":  "5.7",
        "sepal_width":  "3.8",
        "petal_length":  "1.7",
        "petal_width":  "0.3",
        "species":  "setosa"
    }},
    {
        "model":  "irisjs.File",
        "pk":  "20",
        "fields": { "sepal_length":  "5.1",
        "sepal_width":  "3.8",
        "petal_length":  "1.5",
        "petal_width":  "0.3",
        "species":  "setosa"
    }},
    {
        "model":  "irisjs.File",
        "pk":  "21",
        "fields": { "sepal_length":  "5.4",
        "sepal_width":  "3.4",
        "petal_length":  "1.7",
        "petal_width":  "0.2",
        "species":  "setosa"
    }},
    {
        "model":  "irisjs.File",
        "pk":  "22",
        "fields": { "sepal_length":  "5.1",
        "sepal_width":  "3.7",
        "petal_length":  "1.5",
        "petal_width":  "0.4",
        "species":  "setosa"
    }},
    {
        "model":  "irisjs.File",
        "pk":  "23",
        "fields": { "sepal_length":  "4.6",
        "sepal_width":  "3.6",
        "petal_length":  "1",
        "petal_width":  "0.2",
        "species":  "setosa"
    }},
    {
        "model":  "irisjs.File",
        "pk":  "24",
        "fields": { "sepal_length":  "5.1",
        "sepal_width":  "3.3",
        "petal_length":  "1.7",
        "petal_width":  "0.5",
        "species":  "setosa"
    }},
    {
        "model":  "irisjs.File",
        "pk":  "25",
        "fields": { "sepal_length":  "4.8",
        "sepal_width":  "3.4",
        "petal_length":  "1.9",
        "petal_width":  "0.2",
        "species":  "setosa"
    }},
    {
        "model":  "irisjs.File",
        "pk":  "26",
        "fields": { "sepal_length":  "5",
        "sepal_width":  "3",
        "petal_length":  "1.6",
        "petal_width":  "0.2",
        "species":  "setosa"
    }},
    {
        "model":  "irisjs.File",
        "pk":  "27",
        "fields": { "sepal_length":  "5",
        "sepal_width":  "3.4",
        "petal_length":  "1.6",
        "petal_width":  "0.4",
        "species":  "setosa"
    }},
    {
        "model":  "irisjs.File",
        "pk":  "28",
        "fields": { "sepal_length":  "5.2",
        "sepal_width":  "3.5",
        "petal_length":  "1.5",
        "petal_width":  "0.2",
        "species":  "setosa"
    }},
    {
        "model":  "irisjs.File",
        "pk":  "29",
        "fields": { "sepal_length":  "5.2",
        "sepal_width":  "3.4",
        "petal_length":  "1.4",
        "petal_width":  "0.2",
        "species":  "setosa"
    }},
    {
        "model":  "irisjs.File",
        "pk":  "30",
        "fields": { "sepal_length":  "4.7",
        "sepal_width":  "3.2",
        "petal_length":  "1.6",
        "petal_width":  "0.2",
        "species":  "setosa"
    }},
    {
        "model":  "irisjs.File",
        "pk":  "31",
        "fields": { "sepal_length":  "4.8",
        "sepal_width":  "3.1",
        "petal_length":  "1.6",
        "petal_width":  "0.2",
        "species":  "setosa"
    }},
    {
        "model":  "irisjs.File",
        "pk":  "32",
        "fields": { "sepal_length":  "5.4",
        "sepal_width":  "3.4",
        "petal_length":  "1.5",
        "petal_width":  "0.4",
        "species":  "setosa"
    }},
    {
        "model":  "irisjs.File",
        "pk":  "33",
        "fields": { "sepal_length":  "5.2",
        "sepal_width":  "4.1",
        "petal_length":  "1.5",
        "petal_width":  "0.1",
        "species":  "setosa"
    }},
    {
        "model":  "irisjs.File",
        "pk":  "34",
        "fields": { "sepal_length":  "5.5",
        "sepal_width":  "4.2",
        "petal_length":  "1.4",
        "petal_width":  "0.2",
        "species":  "setosa"
    }},
    {
        "model":  "irisjs.File",
        "pk":  "35",
        "fields": { "sepal_length":  "4.9",
        "sepal_width":  "3.1",
        "petal_length":  "1.5",
        "petal_width":  "0.2",
        "species":  "setosa"
    }},
    {
        "model":  "irisjs.File",
        "pk":  "36",
        "fields": { "sepal_length":  "5",
        "sepal_width":  "3.2",
        "petal_length":  "1.2",
        "petal_width":  "0.2",
        "species":  "setosa"
    }},
    {
        "model":  "irisjs.File",
        "pk":  "37",
        "fields": { "sepal_length":  "5.5",
        "sepal_width":  "3.5",
        "petal_length":  "1.3",
        "petal_width":  "0.2",
        "species":  "setosa"
    }},
    {
        "model":  "irisjs.File",
        "pk":  "38",
        "fields": { "sepal_length":  "4.9",
        "sepal_width":  "3.6",
        "petal_length":  "1.4",
        "petal_width":  "0.1",
        "species":  "setosa"
    }},
    {
        "model":  "irisjs.File",
        "pk":  "39",
        "fields": { "sepal_length":  "4.4",
        "sepal_width":  "3",
        "petal_length":  "1.3",
        "petal_width":  "0.2",
        "species":  "setosa"
    }},
    {
        "model":  "irisjs.File",
        "pk":  "40",
        "fields": { "sepal_length":  "5.1",
        "sepal_width":  "3.4",
        "petal_length":  "1.5",
        "petal_width":  "0.2",
        "species":  "setosa"
    }},
    {
        "model":  "irisjs.File",
        "pk":  "41",
        "fields": { "sepal_length":  "5",
        "sepal_width":  "3.5",
        "petal_length":  "1.3",
        "petal_width":  "0.3",
        "species":  "setosa"
    }},
    {
        "model":  "irisjs.File",
        "pk":  "42",
        "fields": { "sepal_length":  "4.5",
        "sepal_width":  "2.3",
        "petal_length":  "1.3",
        "petal_width":  "0.3",
        "species":  "setosa"
    }},
    {
        "model":  "irisjs.File",
        "pk":  "43",
        "fields": { "sepal_length":  "4.4",
        "sepal_width":  "3.2",
        "petal_length":  "1.3",
        "petal_width":  "0.2",
        "species":  "setosa"
    }},
    {
        "model":  "irisjs.File",
        "pk":  "44",
        "fields": { "sepal_length":  "5",
        "sepal_width":  "3.5",
        "petal_length":  "1.6",
        "petal_width":  "0.6",
        "species":  "setosa"
    }},
    {
        "model":  "irisjs.File",
        "pk":  "45",
        "fields": { "sepal_length":  "5.1",
        "sepal_width":  "3.8",
        "petal_length":  "1.9",
        "petal_width":  "0.4",
        "species":  "setosa"
    }},
    {
        "model":  "irisjs.File",
        "pk":  "46",
        "fields": { "sepal_length":  "4.8",
        "sepal_width":  "3",
        "petal_length":  "1.4",
        "petal_width":  "0.3",
        "species":  "setosa"
    }},
    {
        "model":  "irisjs.File",
        "pk":  "47",
        "fields": { "sepal_length":  "5.1",
        "sepal_width":  "3.8",
        "petal_length":  "1.6",
        "petal_width":  "0.2",
        "species":  "setosa"
    }},
    {
        "model":  "irisjs.File",
        "pk":  "48",
        "fields": { "sepal_length":  "4.6",
        "sepal_width":  "3.2",
        "petal_length":  "1.4",
        "petal_width":  "0.2",
        "species":  "setosa"
    }},
    {
        "model":  "irisjs.File",
        "pk":  "49",
        "fields": { "sepal_length":  "5.3",
        "sepal_width":  "3.7",
        "petal_length":  "1.5",
        "petal_width":  "0.2",
        "species":  "setosa"
    }},
    {
        "model":  "irisjs.File",
        "pk":  "50",
        "fields": { "sepal_length":  "5",
        "sepal_width":  "3.3",
        "petal_length":  "1.4",
        "petal_width":  "0.2",
        "species":  "setosa"
    }},
    {
        "model":  "irisjs.File",
        "pk":  "51",
        "fields": { "sepal_length":  "7",
        "sepal_width":  "3.2",
        "petal_length":  "4.7",
        "petal_width":  "1.4",
        "species":  "versicolor"
    }},
    {
        "model":  "irisjs.File",
        "pk":  "52",
        "fields": { "sepal_length":  "6.4",
        "sepal_width":  "3.2",
        "petal_length":  "4.5",
        "petal_width":  "1.5",
        "species":  "versicolor"
    }},
    {
        "model":  "irisjs.File",
        "pk":  "53",
        "fields": { "sepal_length":  "6.9",
        "sepal_width":  "3.1",
        "petal_length":  "4.9",
        "petal_width":  "1.5",
        "species":  "versicolor"
    }},
    {
        "model":  "irisjs.File",
        "pk":  "54",
        "fields": { "sepal_length":  "5.5",
        "sepal_width":  "2.3",
        "petal_length":  "4",
        "petal_width":  "1.3",
        "species":  "versicolor"
    }},
    {
        "model":  "irisjs.File",
        "pk":  "55",
        "fields": { "sepal_length":  "6.5",
        "sepal_width":  "2.8",
        "petal_length":  "4.6",
        "petal_width":  "1.5",
        "species":  "versicolor"
    }},
    {
        "model":  "irisjs.File",
        "pk":  "56",
        "fields": { "sepal_length":  "5.7",
        "sepal_width":  "2.8",
        "petal_length":  "4.5",
        "petal_width":  "1.3",
        "species":  "versicolor"
    }},
    {
        "model":  "irisjs.File",
        "pk":  "57",
        "fields": { "sepal_length":  "6.3",
        "sepal_width":  "3.3",
        "petal_length":  "4.7",
        "petal_width":  "1.6",
        "species":  "versicolor"
    }},
    {
        "model":  "irisjs.File",
        "pk":  "58",
        "fields": { "sepal_length":  "4.9",
        "sepal_width":  "2.4",
        "petal_length":  "3.3",
        "petal_width":  "1",
        "species":  "versicolor"
    }},
    {
        "model":  "irisjs.File",
        "pk":  "59",
        "fields": { "sepal_length":  "6.6",
        "sepal_width":  "2.9",
        "petal_length":  "4.6",
        "petal_width":  "1.3",
        "species":  "versicolor"
    }},
    {
        "model":  "irisjs.File",
        "pk":  "60",
        "fields": { "sepal_length":  "5.2",
        "sepal_width":  "2.7",
        "petal_length":  "3.9",
        "petal_width":  "1.4",
        "species":  "versicolor"
    }},
    {
        "model":  "irisjs.File",
        "pk":  "61",
        "fields": { "sepal_length":  "5",
        "sepal_width":  "2",
        "petal_length":  "3.5",
        "petal_width":  "1",
        "species":  "versicolor"
    }},
    {
        "model":  "irisjs.File",
        "pk":  "62",
        "fields": { "sepal_length":  "5.9",
        "sepal_width":  "3",
        "petal_length":  "4.2",
        "petal_width":  "1.5",
        "species":  "versicolor"
    }},
    {
        "model":  "irisjs.File",
        "pk":  "63",
        "fields": { "sepal_length":  "6",
        "sepal_width":  "2.2",
        "petal_length":  "4",
        "petal_width":  "1",
        "species":  "versicolor"
    }},
    {
        "model":  "irisjs.File",
        "pk":  "64",
        "fields": { "sepal_length":  "6.1",
        "sepal_width":  "2.9",
        "petal_length":  "4.7",
        "petal_width":  "1.4",
        "species":  "versicolor"
    }},
    {
        "model":  "irisjs.File",
        "pk":  "65",
        "fields": { "sepal_length":  "5.6",
        "sepal_width":  "2.9",
        "petal_length":  "3.6",
        "petal_width":  "1.3",
        "species":  "versicolor"
    }},
    {
        "model":  "irisjs.File",
        "pk":  "66",
        "fields": { "sepal_length":  "6.7",
        "sepal_width":  "3.1",
        "petal_length":  "4.4",
        "petal_width":  "1.4",
        "species":  "versicolor"
    }},
    {
        "model":  "irisjs.File",
        "pk":  "67",
        "fields": { "sepal_length":  "5.6",
        "sepal_width":  "3",
        "petal_length":  "4.5",
        "petal_width":  "1.5",
        "species":  "versicolor"
    }},
    {
        "model":  "irisjs.File",
        "pk":  "68",
        "fields": { "sepal_length":  "5.8",
        "sepal_width":  "2.7",
        "petal_length":  "4.1",
        "petal_width":  "1",
        "species":  "versicolor"
    }},
    {
        "model":  "irisjs.File",
        "pk":  "69",
        "fields": { "sepal_length":  "6.2",
        "sepal_width":  "2.2",
        "petal_length":  "4.5",
        "petal_width":  "1.5",
        "species":  "versicolor"
    }},
    {
        "model":  "irisjs.File",
        "pk":  "70",
        "fields": { "sepal_length":  "5.6",
        "sepal_width":  "2.5",
        "petal_length":  "3.9",
        "petal_width":  "1.1",
        "species":  "versicolor"
    }},
    {
        "model":  "irisjs.File",
        "pk":  "71",
        "fields": { "sepal_length":  "5.9",
        "sepal_width":  "3.2",
        "petal_length":  "4.8",
        "petal_width":  "1.8",
        "species":  "versicolor"
    }},
    {
        "model":  "irisjs.File",
        "pk":  "72",
        "fields": { "sepal_length":  "6.1",
        "sepal_width":  "2.8",
        "petal_length":  "4",
        "petal_width":  "1.3",
        "species":  "versicolor"
    }},
    {
        "model":  "irisjs.File",
        "pk":  "73",
        "fields": { "sepal_length":  "6.3",
        "sepal_width":  "2.5",
        "petal_length":  "4.9",
        "petal_width":  "1.5",
        "species":  "versicolor"
    }},
    {
        "model":  "irisjs.File",
        "pk":  "74",
        "fields": { "sepal_length":  "6.1",
        "sepal_width":  "2.8",
        "petal_length":  "4.7",
        "petal_width":  "1.2",
        "species":  "versicolor"
    }},
    {
        "model":  "irisjs.File",
        "pk":  "75",
        "fields": { "sepal_length":  "6.4",
        "sepal_width":  "2.9",
        "petal_length":  "4.3",
        "petal_width":  "1.3",
        "species":  "versicolor"
    }},
    {
        "model":  "irisjs.File",
        "pk":  "76",
        "fields": { "sepal_length":  "6.6",
        "sepal_width":  "3",
        "petal_length":  "4.4",
        "petal_width":  "1.4",
        "species":  "versicolor"
    }},
    {
        "model":  "irisjs.File",
        "pk":  "77",
        "fields": { "sepal_length":  "6.8",
        "sepal_width":  "2.8",
        "petal_length":  "4.8",
        "petal_width":  "1.4",
        "species":  "versicolor"
    }},
    {
        "model":  "irisjs.File",
        "pk":  "78",
        "fields": { "sepal_length":  "6.7",
        "sepal_width":  "3",
        "petal_length":  "5",
        "petal_width":  "1.7",
        "species":  "versicolor"
    }},
    {
        "model":  "irisjs.File",
        "pk":  "79",
        "fields": { "sepal_length":  "6",
        "sepal_width":  "2.9",
        "petal_length":  "4.5",
        "petal_width":  "1.5",
        "species":  "versicolor"
    }},
    {
        "model":  "irisjs.File",
        "pk":  "80",
        "fields": { "sepal_length":  "5.7",
        "sepal_width":  "2.6",
        "petal_length":  "3.5",
        "petal_width":  "1",
        "species":  "versicolor"
    }},
    {
        "model":  "irisjs.File",
        "pk":  "81",
        "fields": { "sepal_length":  "5.5",
        "sepal_width":  "2.4",
        "petal_length":  "3.8",
        "petal_width":  "1.1",
        "species":  "versicolor"
    }},
    {
        "model":  "irisjs.File",
        "pk":  "82",
        "fields": { "sepal_length":  "5.5",
        "sepal_width":  "2.4",
        "petal_length":  "3.7",
        "petal_width":  "1",
        "species":  "versicolor"
    }},
    {
        "model":  "irisjs.File",
        "pk":  "83",
        "fields": { "sepal_length":  "5.8",
        "sepal_width":  "2.7",
        "petal_length":  "3.9",
        "petal_width":  "1.2",
        "species":  "versicolor"
    }},
    {
        "model":  "irisjs.File",
        "pk":  "84",
        "fields": { "sepal_length":  "6",
        "sepal_width":  "2.7",
        "petal_length":  "5.1",
        "petal_width":  "1.6",
        "species":  "versicolor"
    }},
    {
        "model":  "irisjs.File",
        "pk":  "85",
        "fields": { "sepal_length":  "5.4",
        "sepal_width":  "3",
        "petal_length":  "4.5",
        "petal_width":  "1.5",
        "species":  "versicolor"
    }},
    {
        "model":  "irisjs.File",
        "pk":  "86",
        "fields": { "sepal_length":  "6",
        "sepal_width":  "3.4",
        "petal_length":  "4.5",
        "petal_width":  "1.6",
        "species":  "versicolor"
    }},
    {
        "model":  "irisjs.File",
        "pk":  "87",
        "fields": { "sepal_length":  "6.7",
        "sepal_width":  "3.1",
        "petal_length":  "4.7",
        "petal_width":  "1.5",
        "species":  "versicolor"
    }},
    {
        "model":  "irisjs.File",
        "pk":  "88",
        "fields": { "sepal_length":  "6.3",
        "sepal_width":  "2.3",
        "petal_length":  "4.4",
        "petal_width":  "1.3",
        "species":  "versicolor"
    }},
    {
        "model":  "irisjs.File",
        "pk":  "89",
        "fields": { "sepal_length":  "5.6",
        "sepal_width":  "3",
        "petal_length":  "4.1",
        "petal_width":  "1.3",
        "species":  "versicolor"
    }},
    {
        "model":  "irisjs.File",
        "pk":  "90",
        "fields": { "sepal_length":  "5.5",
        "sepal_width":  "2.5",
        "petal_length":  "4",
        "petal_width":  "1.3",
        "species":  "versicolor"
    }},
    {
        "model":  "irisjs.File",
        "pk":  "91",
        "fields": { "sepal_length":  "5.5",
        "sepal_width":  "2.6",
        "petal_length":  "4.4",
        "petal_width":  "1.2",
        "species":  "versicolor"
    }},
    {
        "model":  "irisjs.File",
        "pk":  "92",
        "fields": { "sepal_length":  "6.1",
        "sepal_width":  "3",
        "petal_length":  "4.6",
        "petal_width":  "1.4",
        "species":  "versicolor"
    }},
    {
        "model":  "irisjs.File",
        "pk":  "93",
        "fields": { "sepal_length":  "5.8",
        "sepal_width":  "2.6",
        "petal_length":  "4",
        "petal_width":  "1.2",
        "species":  "versicolor"
    }},
    {
        "model":  "irisjs.File",
        "pk":  "94",
        "fields": { "sepal_length":  "5",
        "sepal_width":  "2.3",
        "petal_length":  "3.3",
        "petal_width":  "1",
        "species":  "versicolor"
    }},
    {
        "model":  "irisjs.File",
        "pk":  "95",
        "fields": { "sepal_length":  "5.6",
        "sepal_width":  "2.7",
        "petal_length":  "4.2",
        "petal_width":  "1.3",
        "species":  "versicolor"
    }},
    {
        "model":  "irisjs.File",
        "pk":  "96",
        "fields": { "sepal_length":  "5.7",
        "sepal_width":  "3",
        "petal_length":  "4.2",
        "petal_width":  "1.2",
        "species":  "versicolor"
    }},
    {
        "model":  "irisjs.File",
        "pk":  "97",
        "fields": { "sepal_length":  "5.7",
        "sepal_width":  "2.9",
        "petal_length":  "4.2",
        "petal_width":  "1.3",
        "species":  "versicolor"
    }},
    {
        "model":  "irisjs.File",
        "pk":  "98",
        "fields": { "sepal_length":  "6.2",
        "sepal_width":  "2.9",
        "petal_length":  "4.3",
        "petal_width":  "1.3",
        "species":  "versicolor"
    }},
    {
        "model":  "irisjs.File",
        "pk":  "99",
        "fields": { "sepal_length":  "5.1",
        "sepal_width":  "2.5",
        "petal_length":  "3",
        "petal_width":  "1.1",
        "species":  "versicolor"
    }},
    {
        "model":  "irisjs.File",
        "pk":  "100",
        "fields": { "sepal_length":  "5.7",
        "sepal_width":  "2.8",
        "petal_length":  "4.1",
        "petal_width":  "1.3",
        "species":  "versicolor"
    }},
    {
        "model":  "irisjs.File",
        "pk":  "101",
        "fields": { "sepal_length":  "6.3",
        "sepal_width":  "3.3",
        "petal_length":  "6",
        "petal_width":  "2.5",
        "species":  "virginica"
    }},
    {
        "model":  "irisjs.File",
        "pk":  "102",
        "fields": { "sepal_length":  "5.8",
        "sepal_width":  "2.7",
        "petal_length":  "5.1",
        "petal_width":  "1.9",
        "species":  "virginica"
    }},
    {
        "model":  "irisjs.File",
        "pk":  "103",
        "fields": { "sepal_length":  "7.1",
        "sepal_width":  "3",
        "petal_length":  "5.9",
        "petal_width":  "2.1",
        "species":  "virginica"
    }},
    {
        "model":  "irisjs.File",
        "pk":  "104",
        "fields": { "sepal_length":  "6.3",
        "sepal_width":  "2.9",
        "petal_length":  "5.6",
        "petal_width":  "1.8",
        "species":  "virginica"
    }},
    {
        "model":  "irisjs.File",
        "pk":  "105",
        "fields": { "sepal_length":  "6.5",
        "sepal_width":  "3",
        "petal_length":  "5.8",
        "petal_width":  "2.2",
        "species":  "virginica"
    }},
    {
        "model":  "irisjs.File",
        "pk":  "106",
        "fields": { "sepal_length":  "7.6",
        "sepal_width":  "3",
        "petal_length":  "6.6",
        "petal_width":  "2.1",
        "species":  "virginica"
    }},
    {
        "model":  "irisjs.File",
        "pk":  "107",
        "fields": { "sepal_length":  "4.9",
        "sepal_width":  "2.5",
        "petal_length":  "4.5",
        "petal_width":  "1.7",
        "species":  "virginica"
    }},
    {
        "model":  "irisjs.File",
        "pk":  "108",
        "fields": { "sepal_length":  "7.3",
        "sepal_width":  "2.9",
        "petal_length":  "6.3",
        "petal_width":  "1.8",
        "species":  "virginica"
    }},
    {
        "model":  "irisjs.File",
        "pk":  "109",
        "fields": { "sepal_length":  "6.7",
        "sepal_width":  "2.5",
        "petal_length":  "5.8",
        "petal_width":  "1.8",
        "species":  "virginica"
    }},
    {
        "model":  "irisjs.File",
        "pk":  "110",
        "fields": { "sepal_length":  "7.2",
        "sepal_width":  "3.6",
        "petal_length":  "6.1",
        "petal_width":  "2.5",
        "species":  "virginica"
    }},
    {
        "model":  "irisjs.File",
        "pk":  "111",
        "fields": { "sepal_length":  "6.5",
        "sepal_width":  "3.2",
        "petal_length":  "5.1",
        "petal_width":  "2",
        "species":  "virginica"
    }},
    {
        "model":  "irisjs.File",
        "pk":  "112",
        "fields": { "sepal_length":  "6.4",
        "sepal_width":  "2.7",
        "petal_length":  "5.3",
        "petal_width":  "1.9",
        "species":  "virginica"
    }},
    {
        "model":  "irisjs.File",
        "pk":  "113",
        "fields": { "sepal_length":  "6.8",
        "sepal_width":  "3",
        "petal_length":  "5.5",
        "petal_width":  "2.1",
        "species":  "virginica"
    }},
    {
        "model":  "irisjs.File",
        "pk":  "114",
        "fields": { "sepal_length":  "5.7",
        "sepal_width":  "2.5",
        "petal_length":  "5",
        "petal_width":  "2",
        "species":  "virginica"
    }},
    {
        "model":  "irisjs.File",
        "pk":  "115",
        "fields": { "sepal_length":  "5.8",
        "sepal_width":  "2.8",
        "petal_length":  "5.1",
        "petal_width":  "2.4",
        "species":  "virginica"
    }},
    {
        "model":  "irisjs.File",
        "pk":  "116",
        "fields": { "sepal_length":  "6.4",
        "sepal_width":  "3.2",
        "petal_length":  "5.3",
        "petal_width":  "2.3",
        "species":  "virginica"
    }},
    {
        "model":  "irisjs.File",
        "pk":  "117",
        "fields": { "sepal_length":  "6.5",
        "sepal_width":  "3",
        "petal_length":  "5.5",
        "petal_width":  "1.8",
        "species":  "virginica"
    }},
    {
        "model":  "irisjs.File",
        "pk":  "118",
        "fields": { "sepal_length":  "7.7",
        "sepal_width":  "3.8",
        "petal_length":  "6.7",
        "petal_width":  "2.2",
        "species":  "virginica"
    }},
    {
        "model":  "irisjs.File",
        "pk":  "119",
        "fields": { "sepal_length":  "7.7",
        "sepal_width":  "2.6",
        "petal_length":  "6.9",
        "petal_width":  "2.3",
        "species":  "virginica"
    }},
    {
        "model":  "irisjs.File",
        "pk":  "120",
        "fields": { "sepal_length":  "6",
        "sepal_width":  "2.2",
        "petal_length":  "5",
        "petal_width":  "1.5",
        "species":  "virginica"
    }},
    {
        "model":  "irisjs.File",
        "pk":  "121",
        "fields": { "sepal_length":  "6.9",
        "sepal_width":  "3.2",
        "petal_length":  "5.7",
        "petal_width":  "2.3",
        "species":  "virginica"
    }},
    {
        "model":  "irisjs.File",
        "pk":  "122",
        "fields": { "sepal_length":  "5.6",
        "sepal_width":  "2.8",
        "petal_length":  "4.9",
        "petal_width":  "2",
        "species":  "virginica"
    }},
    {
        "model":  "irisjs.File",
        "pk":  "123",
        "fields": { "sepal_length":  "7.7",
        "sepal_width":  "2.8",
        "petal_length":  "6.7",
        "petal_width":  "2",
        "species":  "virginica"
    }},
    {
        "model":  "irisjs.File",
        "pk":  "124",
        "fields": { "sepal_length":  "6.3",
        "sepal_width":  "2.7",
        "petal_length":  "4.9",
        "petal_width":  "1.8",
        "species":  "virginica"
    }},
    {
        "model":  "irisjs.File",
        "pk":  "125",
        "fields": { "sepal_length":  "6.7",
        "sepal_width":  "3.3",
        "petal_length":  "5.7",
        "petal_width":  "2.1",
        "species":  "virginica"
    }},
    {
        "model":  "irisjs.File",
        "pk":  "126",
        "fields": { "sepal_length":  "7.2",
        "sepal_width":  "3.2",
        "petal_length":  "6",
        "petal_width":  "1.8",
        "species":  "virginica"
    }},
    {
        "model":  "irisjs.File",
        "pk":  "127",
        "fields": { "sepal_length":  "6.2",
        "sepal_width":  "2.8",
        "petal_length":  "4.8",
        "petal_width":  "1.8",
        "species":  "virginica"
    }},
    {
        "model":  "irisjs.File",
        "pk":  "128",
        "fields": { "sepal_length":  "6.1",
        "sepal_width":  "3",
        "petal_length":  "4.9",
        "petal_width":  "1.8",
        "species":  "virginica"
    }},
    {
        "model":  "irisjs.File",
        "pk":  "129",
        "fields": { "sepal_length":  "6.4",
        "sepal_width":  "2.8",
        "petal_length":  "5.6",
        "petal_width":  "2.1",
        "species":  "virginica"
    }},
    {
        "model":  "irisjs.File",
        "pk":  "130",
        "fields": { "sepal_length":  "7.2",
        "sepal_width":  "3",
        "petal_length":  "5.8",
        "petal_width":  "1.6",
        "species":  "virginica"
    }},
    {
        "model":  "irisjs.File",
        "pk":  "131",
        "fields": { "sepal_length":  "7.4",
        "sepal_width":  "2.8",
        "petal_length":  "6.1",
        "petal_width":  "1.9",
        "species":  "virginica"
    }},
    {
        "model":  "irisjs.File",
        "pk":  "132",
        "fields": { "sepal_length":  "7.9",
        "sepal_width":  "3.8",
        "petal_length":  "6.4",
        "petal_width":  "2",
        "species":  "virginica"
    }},
    {
        "model":  "irisjs.File",
        "pk":  "133",
        "fields": { "sepal_length":  "6.4",
        "sepal_width":  "2.8",
        "petal_length":  "5.6",
        "petal_width":  "2.2",
        "species":  "virginica"
    }},
    {
        "model":  "irisjs.File",
        "pk":  "134",
        "fields": { "sepal_length":  "6.3",
        "sepal_width":  "2.8",
        "petal_length":  "5.1",
        "petal_width":  "1.5",
        "species":  "virginica"
    }},
    {
        "model":  "irisjs.File",
        "pk":  "135",
        "fields": { "sepal_length":  "6.1",
        "sepal_width":  "2.6",
        "petal_length":  "5.6",
        "petal_width":  "1.4",
        "species":  "virginica"
    }},
    {
        "model":  "irisjs.File",
        "pk":  "136",
        "fields": { "sepal_length":  "7.7",
        "sepal_width":  "3",
        "petal_length":  "6.1",
        "petal_width":  "2.3",
        "species":  "virginica"
    }},
    {
        "model":  "irisjs.File",
        "pk":  "137",
        "fields": { "sepal_length":  "6.3",
        "sepal_width":  "3.4",
        "petal_length":  "5.6",
        "petal_width":  "2.4",
        "species":  "virginica"
    }},
    {
        "model":  "irisjs.File",
        "pk":  "138",
        "fields": { "sepal_length":  "6.4",
        "sepal_width":  "3.1",
        "petal_length":  "5.5",
        "petal_width":  "1.8",
        "species":  "virginica"
    }},
    {
        "model":  "irisjs.File",
        "pk":  "139",
        "fields": { "sepal_length":  "6",
        "sepal_width":  "3",
        "petal_length":  "4.8",
        "petal_width":  "1.8",
        "species":  "virginica"
    }},
    {
        "model":  "irisjs.File",
        "pk":  "140",
        "fields": { "sepal_length":  "6.9",
        "sepal_width":  "3.1",
        "petal_length":  "5.4",
        "petal_width":  "2.1",
        "species":  "virginica"
    }},
    {
        "model":  "irisjs.File",
        "pk":  "141",
        "fields": { "sepal_length":  "6.7",
        "sepal_width":  "3.1",
        "petal_length":  "5.6",
        "petal_width":  "2.4",
        "species":  "virginica"
    }},
    {
        "model":  "irisjs.File",
        "pk":  "142",
        "fields": { "sepal_length":  "6.9",
        "sepal_width":  "3.1",
        "petal_length":  "5.1",
        "petal_width":  "2.3",
        "species":  "virginica"
    }},
    {
        "model":  "irisjs.File",
        "pk":  "143",
        "fields": { "sepal_length":  "5.8",
        "sepal_width":  "2.7",
        "petal_length":  "5.1",
        "petal_width":  "1.9",
        "species":  "virginica"
    }},
    {
        "model":  "irisjs.File",
        "pk":  "144",
        "fields": { "sepal_length":  "6.8",
        "sepal_width":  "3.2",
        "petal_length":  "5.9",
        "petal_width":  "2.3",
        "species":  "virginica"
    }},
    {
        "model":  "irisjs.File",
        "pk":  "145",
        "fields": { "sepal_length":  "6.7",
        "sepal_width":  "3.3",
        "petal_length":  "5.7",
        "petal_width":  "2.5",
        "species":  "virginica"
    }},
    {
        "model":  "irisjs.File",
        "pk":  "146",
        "fields": { "sepal_length":  "6.7",
        "sepal_width":  "3",
        "petal_length":  "5.2",
        "petal_width":  "2.3",
        "species":  "virginica"
    }},
    {
        "model":  "irisjs.File",
        "pk":  "147",
        "fields": { "sepal_length":  "6.3",
        "sepal_width":  "2.5",
        "petal_length":  "5",
        "petal_width":  "1.9",
        "species":  "virginica"
    }},
    {
        "model":  "irisjs.File",
        "pk":  "148",
        "fields": { "sepal_length":  "6.5",
        "sepal_width":  "3",
        "petal_length":  "5.2",
        "petal_width":  "2",
        "species":  "virginica"
    }},
    {
        "model":  "irisjs.File",
        "pk":  "149",
        "fields": { "sepal_length":  "6.2",
        "sepal_width":  "3.4",
        "petal_length":  "5.4",
        "petal_width":  "2.3",
        "species":  "virginica"
    }},
    {
        "model":  "irisjs.File",
        "pk":  "150",
        "fields": { "sepal_length":  "5.9",
        "sepal_width":  "3",
        "petal_length":  "5.1",
        "petal_width":  "1.8",
        "species":  "virginica"
    }}
]
